CID;Total;Sexo;Faixa Etária
"A09 - Diarréia e gastroenterite de origem infecciosa presumível";"1124";"";
"R520 - Dor aguda";"1040";"";
"R11 - Náusea e vômitos";"960";"";
"I10 - Hipertensão essencial (primária)";"555";"";
"F411 - Ansiedade generalizada";"418";"";
"R509 - Febre não especificada";"406";"";
"R51 - Cefaléia";"384";"";
"M545 - Dor lombar baixa";"376";"";
"R101 - Dor localizada no abdome superior";"330";"";
"R060 - Dispnéia";"301";"";
"R103 - Dor localizada em outras partes do abdome inferior";"300";"";
"R05 - Tosse";"270";"";
"";"228";"";
"J00 - Nasofaringite aguda [resfriado comum]";"228";"";
"M255 - Dor articular";"227";"";
"M791 - Mialgia";"223";"";
"J039 - Amigdalite aguda não especificada";"208";"";
"M796 - Dor em membro";"181";"";
"R53 - Mal estar, fadiga";"168";"";
"K291 - Outras gastrites agudas";"164";"";
"G442 - Cefaléia tensional";"155";"";
"T784 - Alergia não especificada";"152";"";
"B349 - Infecção viral não especificada";"151";"";
"A689 - Febre recorrente não especificada";"130";"";
"J029 - Faringite aguda não especificada";"130";"";
"Z000 - Exame médico geral";"126";"";
"J069 - Infecção aguda das vias aéreas superiores não especificada";"125";"";
"R074 - Dor torácica, não especificada";"123";"";
"N390 - Infecção do trato urinário de localização não especificada";"120";"";
"W010 - Queda no mesmo nível por escorregão, tropeção ou passos em falsos [traspés] - residência";"120";"";
"L500 - Urticária alérgica";"115";"";
"X220 - Contato com escorpiões - residência";"114";"";
"R104 - Outras dores abdominais e as não especificadas";"110";"";
"R739 - Hiperglicemia não especificada";"108";"";
"K30 - Dispepsia";"105";"";
"G430 - Enxaqueca sem aura [enxaqueca comum]";"98";"";
"R42 - Tontura e instabilidade";"94";"";
"J459 - Asma não especificada";"93";"";
"K590 - Constipação";"88";"";
"J111 - Influenza [gripe] com outras manifestações respiratórias, devida a vírus não identificado";"78";"";
"R071 - Dor torácica ao respirar";"78";"";
"T149 - Traumatismo não especificado";"78";"";
"J030 - Amigdalite estreptocócica";"76";"";
"R072 - Dor precordial";"74";"";
"M544 - Lumbago com ciática";"72";"";
"N23 - Cólica nefrética não especificada";"72";"";
"F072 - Síndrome pós-traumática";"65";"";
"K297 - Gastrite não especificada";"65";"";
"R568 - Outras convulsões e as não especificadas";"64";"";
"V280 - Motociclista traumatizado em um acidente de transporte sem colisão - condutor traumatizado em acidente não-de-trânsito";"63";"";
"T632 - Veneno de escorpião";"62";"";
"K591 - Diarréia funcional";"61";"";
"A90 - Dengue [dengue clássico]";"59";"";
"U071 - Infecção pelo novo Coronavírus (COVID-19)";"59";"";
"A46 - Erisipela";"57";"";
"R55 - Síncope e colapso";"55";"";
"F064 - Transtornos da ansiedade orgânicos";"54";"";
"R451 - Agitação e inquietação";"52";"";
"R070 - Dor de garganta";"51";"";
"L989 - Afecções da pele e do tecido subcutâneo, não especificados";"50";"";
"Z539 - Procedimento não realizado por razão não especificada";"48";"";
"H920 - Otalgia";"47";"";
"M542 - Cervicalgia";"46";"";
"L299 - Prurido não especificado";"45";"";
"R073 - Outra dor torácica";"44";"";
"S900 - Contusão do tornozelo";"44";"";
"T140 - Traumatismo superficial de região não especificada do corpo";"44";"";
"A059 - Intoxicação alimentar bacteriana não especificada";"43";"";
"J189 - Pneumonia não especificada";"43";"";
"B86 - Escabiose [sarna]";"42";"";
"T16 - Corpo estranho no ouvido";"42";"";
"C762 - Abdome";"41";"";
"R102 - Dor pélvica e perineal";"39";"";
"A049 - Infecção intestinal bacteriana não especificada";"37";"";
"A929 - Febre viral transmitida por mosquitos, não especificada";"36";"";
"V282 - Motociclista traumatizado em um acidente de transporte sem colisão - motociclista não especificado traumatizado em acidente não-de-trânsito";"36";"";
"W550 - Mordedura ou golpe provocado por outros animais mamíferos - residência";"36";"";
"J118 - Influenza [gripe] com outras manifestações, devida a vírus não identificado";"35";"";
"I64 - Acidente vascular cerebral, não especificado como hemorrágico ou isquêmico";"34";"";
"E162 - Hipoglicemia não especificada";"30";"";
"J020 - Faringite estreptocócica";"30";"";
"M549 - Dorsalgia não especificada";"30";"";
"R300 - Disúria";"30";"";
"M109 - Gota, não especificada";"29";"";
"M548 - Outra dorsalgia";"29";"";
"N200 - Calculose do rim";"29";"";
"W540 - Mordedura ou golpe provocado por cão - residência";"29";"";
"H609 - Otite externa não especificada";"28";"";
"K808 - Outras colelitíases";"27";"";
"Y280 - Contato com objeto cortante ou penetrante, intenção não determinada - residência";"27";"";
"L010 - Impetigo [qualquer localização] [qualquer microorganismo]";"26";"";
"S610 - Ferimento de dedo(s) sem lesão da unha";"26";"";
"L029 - Abscesso cutâneo, furúnculo e antraz de localização não especificada";"25";"";
"G431 - Enxaqueca com aura [enxaqueca clássica]";"24";"";
"L080 - Piodermite";"24";"";
"N939 - Sangramento anormal do útero ou da vagina, não especificado";"24";"";
"R600 - Edema localizado";"24";"";
"S800 - Contusão do joelho";"24";"";
"S934 - Entorse e distensão do tornozelo";"24";"";
"G439 - Enxaqueca, sem especificação";"23";"";
"J158 - Outras pneumonias bacterianas";"23";"";
"F100 - Transtornos mentais e comportamentais devidos ao uso de álcool - intoxicação aguda";"22";"";
"N300 - Cistite aguda";"22";"";
"W544 - Mordedura ou golpe provocado por cão - rua e estrada";"22";"";
"I959 - Hipotensão não especificada";"21";"";
"K296 - Outras gastrites";"21";"";
"L024 - Abscesso cutâneo, furúnculo e antraz do(s) membro(s)";"21";"";
"S010 - Ferimento do couro cabeludo";"21";"";
"F103 - Transtornos mentais e comportamentais devidos ao uso de álcool - síndrome [estado] de abstinência";"20";"";
"V299 - Motociclista [qualquer] traumatizado em um acidente de trânsito não especificado";"20";"";
"H612 - Cerume impactado";"19";"";
"L298 - Outras formas de prurido";"19";"";
"R34 - Anúria e oligúria";"19";"";
"Z721 - Uso de álcool";"19";"";
"S400 - Contusão do ombro e do braço";"18";"";
"S619 - Ferimento do punho e da mão, parte não especificada";"18";"";
"X230 - Contato com abelhas, vespas e vespões - residência";"18";"";
"J159 - Pneumonia bacteriana não especificada";"17";"";
"R001 - Bradicardia não especificada";"17";"";
"S018 - Ferimento na cabeça, de outras localizações";"17";"";
"V284 - Motociclista traumatizado em um acidente de transporte sem colisão - condutor traumatizado em um acidente de trânsito";"17";"";
"H608 - Outras otites externas";"16";"";
"J441 - Doença pulmonar obstrutiva crônica com exacerbação aguda não especificada";"16";"";
"J450 - Asma predominantemente alérgica";"16";"";
"R040 - Epistaxis";"16";"";
"S611 - Ferimento de dedo(s) com lesão da unha";"16";"";
"S913 - Ferimento de outras partes do pé";"16";"";
"E149 - Diabetes mellitus não especificado - sem complicações";"15";"";
"F419 - Transtorno ansioso não especificado";"14";"";
"H660 - Otite média aguda supurativa";"14";"";
"K295 - Gastrite crônica, sem outra especificação";"14";"";
"K522 - Gastroenterite e colite alérgicas ou ligadas à dieta";"14";"";
"M758 - Outras lesões do ombro";"14";"";
"N209 - Calculose urinária, não especificada";"14";"";
"R560 - Convulsões febris";"14";"";
"S602 - Contusão de outras partes do punho e da mão";"14";"";
"E161 - Outra hipoglicemia";"13";"";
"I509 - Insuficiência cardíaca não especificada";"13";"";
"J129 - Pneumonia viral não especificada";"13";"";
"J451 - Asma não-alérgica";"13";"";
"N938 - Outros sangramentos anormais especificados do útero e da vagina";"13";"";
"R296 - Tendência a queda, não classificada em outra parte";"13";"";
"R33 - Retenção urinária";"13";"";
"V274 - Motociclista traumatizado em colisão com um objeto fixo ou parado - condutor traumatizado em um acidente de trânsito";"13";"";
"W014 - Queda no mesmo nível por escorregão, tropeção ou passos em falsos [traspés] - rua e estrada";"13";"";
"F510 - Insônia não-orgânica";"12";"";
"I219 - Infarto agudo do miocárdio não especificado";"12";"";
"J180 - Broncopneumonia não especificada";"12";"";
"M436 - Torcicolo";"12";"";
"R522 - Outra dor crônica";"12";"";
"S009 - Traumatismo superficial da cabeça, parte não especificada";"12";"";
"S810 - Ferimento do joelho";"12";"";
"S903 - Contusão de outras partes e partes não especificadas do pé";"12";"";
"V200 - Motociclista traumatizado em colisão com um pedestre ou um animal - condutor traumatizado em acidente não-de-trânsito";"12";"";
"W549 - Mordedura ou golpe provocado por cão - local não especificado";"12";"";
"A492 - Infecção por Haemophilus influenzae não especificada";"11";"";
"F445 - Convulsões dissociativas";"11";"";
"H669 - Otite média não especificada";"11";"";
"R14 - Flatulência e afecções correlatas";"11";"";
"R450 - Nervosismo";"11";"";
"R630 - Anorexia";"11";"";
"S500 - Contusão do cotovelo";"11";"";
"S618 - Ferimento de outras partes do punho e da mão";"11";"";
"S936 - Entorse e distensão de outras partes e de partes não especificadas do pé";"11";"";
"W019 - Queda no mesmo nível por escorregão, tropeção ou passos em falsos [traspés] - local não especificado";"11";"";
"W250 - Contato com vidro cortante - residência";"11";"";
"B309 - Conjuntivite viral não especificada";"10";"";
"C448 - Lesão invasiva da pele";"10";"";
"I500 - Insuficiência cardíaca congestiva";"10";"";
"I958 - Outros tipos de hipotensão";"10";"";
"J449 - Doença pulmonar obstrutiva crônica não especificada";"10";"";
"K120 - Aftas bucais recidivantes";"10";"";
"K920 - Hematêmese";"10";"";
"M755 - Bursite do ombro";"10";"";
"N399 - Transtornos não especificados do aparelho urinário";"10";"";
"N944 - Dismenorréia primária";"10";"";
"R508 - Outra febre especificada";"10";"";
"W570 - Mordeduras e picadas de inseto e de outros artrópodes, não-venenosos - residência";"10";"";
"X229 - Contato com escorpiões - local não especificado";"10";"";
"B029 - Herpes zoster sem complicação";"9";"";
"E781 - Hipergliceridemia pura";"9";"";
"F101 - Transtornos mentais e comportamentais devidos ao uso de álcool - uso nocivo para a saúde";"9";"";
"H650 - Otite média aguda serosa";"9";"";
"K810 - Colecistite aguda";"9";"";
"L039 - Celulite não especificada";"9";"";
"M100 - Gota idiopática";"9";"";
"N202 - Calculose do rim com cálculo do ureter";"9";"";
"N946 - Dismenorréia não especificada";"9";"";
"R000 - Taquicardia não especificada";"9";"";
"R002 - Palpitações";"9";"";
"S202 - Contusão do tórax";"9";"";
"S411 - Ferimento do braço";"9";"";
"S600 - Contusão de dedo(s) sem lesão da unha";"9";"";
"V800 - Queda ou ejeção de uma pessoa montada em animal ou ocupante de um veículo a tração animal em um acidente sem colisão";"9";"";
"E109 - Diabetes mellitus insulino-dependente - sem complicações";"8";"";
"G409 - Epilepsia, não especificada";"8";"";
"H659 - Otite média não-supurativa, não especificada";"8";"";
"J011 - Sinusite frontal aguda";"8";"";
"L031 - Celulite de outras partes do(s) membro(s)";"8";"";
"L089 - Infecção localizada da pele e do tecido subcutâneo, não especificada";"8";"";
"L309 - Dermatite não especificada";"8";"";
"L551 - Queimadura solar de segundo grau";"8";"";
"M546 - Dor na coluna torácica";"8";"";
"N945 - Dismenorréia secundária";"8";"";
"S608 - Outros traumatismos superficiais do punho e da mão";"8";"";
"S609 - Traumatismo superficial não especificado do punho e da mão";"8";"";
"V224 - Motociclista traumatizado em colisão com um veículo a motor de duas ou três rodas - condutor traumatizado em um acidente de trânsito";"8";"";
"W554 - Mordedura ou golpe provocado por outros animais mamíferos - rua e estrada";"8";"";
"Y040 - Agressão por meio de força corporal - residência";"8";"";
"Z242 - Necessidade de imunização contra a raiva";"8";"";
"C119 - Nasofaringe, não especificada";"7";"";
"F29 - Psicose não-orgânica não especificada";"7";"";
"H813 - Outras vertigens periféricas";"7";"";
"I209 - Angina pectoris, não especificada";"7";"";
"J019 - Sinusite aguda não especificada";"7";"";
"K052 - Periodontite aguda";"7";"";
"M795 - Corpo estranho residual no tecido mole";"7";"";
"R31 - Hematúria não especificada";"7";"";
"R400 - Sonolência";"7";"";
"S099 - Traumatismo não especificado da cabeça";"7";"";
"S430 - Luxação da articulação do ombro";"7";"";
"S518 - Ferimento de outras partes do antebraço";"7";"";
"S601 - Contusão de dedo(s) com lesão da unha";"7";"";
"W574 - Mordeduras e picadas de inseto e de outros artrópodes, não-venenosos - rua e estrada";"7";"";
"Z008 - Outros exames gerais";"7";"";
"A281 - Doença por arranhadura do gato";"6";"";
"A499 - Infecção bacteriana não especificada";"6";"";
"A540 - Infecção gonocócica do trato geniturinário inferior, sem abscesso periuretral ou das glândulas acessórias";"6";"";
"B082 - Exantema súbito [sexta doença]";"6";"";
"D106 - Nasofaringe";"6";"";
"D649 - Anemia não especificada";"6";"";
"G438 - Outras formas de enxaqueca";"6";"";
"G470 - Distúrbios do início e da manutenção do sono [insônias]";"6";"";
"I469 - Parada cardíaca não especificada";"6";"";
"I829 - Embolia e trombose venosas de veia não especificada";"6";"";
"I872 - Insuficiência venosa (crônica) (periférica)";"6";"";
"J304 - Rinite alérgica não especificada";"6";"";
"K359 - Apendicite aguda sem outra especificação";"6";"";
"L011 - Impetiginização de outras dermatoses";"6";"";
"L020 - Abscesso cutâneo, furúnculo e antraz da face";"6";"";
"L023 - Abscesso cutâneo, furúnculo e antraz da nádega";"6";"";
"L208 - Outras dermatites atópicas";"6";"";
"L600 - Unha encravada";"6";"";
"M238 - Outros transtornos internos do joelho";"6";"";
"M239 - Transtorno interno não especificado do joelho";"6";"";
"M543 - Ciática";"6";"";
"M624 - Contratura de músculo";"6";"";
"M759 - Lesão não especificada do ombro";"6";"";
"N341 - Uretrites não específicas";"6";"";
"N40 - Hiperplasia da próstata";"6";"";
"N47 - Hipertrofia do prepúcio, fimose e parafimose";"6";"";
"R100 - Abdome agudo";"6";"";
"S000 - Traumatismo superficial do couro cabeludo";"6";"";
"S001 - Contusão da pálpebra e da região periocular";"6";"";
"S019 - Ferimento na cabeça, parte não especificada";"6";"";
"S909 - Traumatismo superficial do tornozelo e do pé, não especificado";"6";"";
"S910 - Ferimento do tornozelo";"6";"";
"T131 - Ferimento de membro inferior, nível não especificado";"6";"";
"T151 - Corpo estranho no saco conjuntival";"6";"";
"T170 - Corpo estranho no seio nasal";"6";"";
"T171 - Corpo estranho na narina";"6";"";
"V124 - Ciclista traumatizado em colisão com um veículo a motor de duas ou três rodas - condutor traumatizado em um acidente de trânsito";"6";"";
"V275 - Motociclista traumatizado em colisão com um objeto fixo ou parado - passageiro traumatizado em um acidente de trânsito";"6";"";
"V476 - Ocupante de um automóvel [carro] traumatizado em colisão com um objeto fixo ou parado - passageiro traumatizado em um acidente de trânsito";"6";"";
"W070 - Queda de uma cadeira - residência";"6";"";
"W579 - Mordeduras e picadas de inseto e de outros artrópodes, não-venenosos - local não especificado";"6";"";
"X990 - Agressão por meio de objeto cortante ou penetrante - residência";"6";"";
"Z001 - Exame de rotina de saúde da criança";"6";"";
"Z480 - Cuidados a curativos e suturas cirúrgicas";"6";"";
"B019 - Varicela sem complicação";"5";"";
"B269 - Caxumba [parotidite epidêmica] sem complicações";"5";"";
"B829 - Parasitose intestinal não especificada";"5";"";
"C109 - Orofaringe, não especificada";"5";"";
"E108 - Diabetes mellitus insulino-dependente - com complicações não especificadas";"5";"";
"E119 - Diabetes mellitus não-insulino-dependente - sem complicações";"5";"";
"G553 - Compressões das raízes e dos plexos nervosos em outras dorsopatias (M45-M46+, M48.-+, M53-M54+)";"5";"";
"H605 - Otite externa aguda não-infecciosa";"5";"";
"H651 - Outras otites médias agudas não-supurativas";"5";"";
"H814 - Vertigem de origem central";"5";"";
"H830 - Labirintite";"5";"";
"I208 - Outras formas de angina pectoris";"5";"";
"I499 - Arritmia cardíaca não especificada";"5";"";
"J018 - Outras sinusites agudas";"5";"";
"J110 - Influenza [gripe] com pneumonia, devida a vírus não identificado";"5";"";
"J440 - Doença pulmonar obstrutiva crônica com infecção respiratória aguda do trato respiratório inferior";"5";"";
"J81 - Edema pulmonar, não especificado de outra forma";"5";"";
"K210 - Doença de refluxo gastroesofágico com esofagite";"5";"";
"K529 - Gastroenterite e colite não-infecciosas, não especificadas";"5";"";
"L209 - Dermatite atópica, não especificada";"5";"";
"L239 - Dermatite alérgica de contato, de causa não especificada";"5";"";
"L501 - Urticária idiopática";"5";"";
"M538 - Outras dorsopatias especificadas";"5";"";
"N110 - Pielonefrite não-obstrutiva crônica associada a refluxo";"5";"";
"N309 - Cistite, não especificada";"5";"";
"R18 - Ascite";"5";"";
"R521 - Dor crônica intratável";"5";"";
"R609 - Edema não especificado";"5";"";
"S011 - Ferimento da pálpebra e da região periocular";"5";"";
"S420 - Fratura da clavícula";"5";"";
"S519 - Ferimento do antebraço, parte não especificado";"5";"";
"S626 - Fratura de outros dedos";"5";"";
"S819 - Ferimento da perna, parte não especificada";"5";"";
"S836 - Entorse e distensão de outras partes e das não especificadas do joelho";"5";"";
"T150 - Corpo estranho na córnea";"5";"";
"T172 - Corpo estranho na faringe";"5";"";
"T740 - Abandono";"5";"";
"V210 - Motociclista traumatizado em colisão com um veículo a pedal - condutor traumatizado em acidente não-de-trânsito";"5";"";
"V234 - Motociclista traumatizado em colisão com um automóvel [carro], "pick up" ou caminhonete - condutor traumatizado em um acidente de trânsito";"5";"";
"W011 - Queda no mesmo nível por escorregão, tropeção ou passos em falsos [traspés] - habitação coletiva";"5";"";
"W012 - Queda no mesmo nível por escorregão, tropeção ou passos em falsos [traspés] - escolas, outras instituições e áreas de administração pública";"5";"";
"W170 - Outras quedas de um nível a outro - residência";"5";"";
"W194 - Queda sem especificação - rua e estrada";"5";"";
"W199 - Queda sem especificação - local não especificado";"5";"";
"Z712 - Pessoa que consulta para explicação de achados de exame";"5";"";
"A928 - Outras febres virais especificadas transmitidas por mosquitos";"4";"";
"B348 - Outras infecções por vírus de localização não especificada";"4";"";
"C840 - Micose fungóide";"4";"";
"D259 - Leiomioma do útero, não especificado";"4";"";
"D319 - Olho, não especificado";"4";"";
"E116 - Diabetes mellitus não-insulino-dependente - com outras complicações especificadas";"4";"";
"E118 - Diabetes mellitus não-insulino-dependente - com complicações não especificadas";"4";"";
"F102 - Transtornos mentais e comportamentais devidos ao uso de álcool - síndrome de dependência";"4";"";
"F239 - Transtorno psicótico agudo e transitório não especificado";"4";"";
"F410 - Transtorno de pânico [ansiedade paroxística episódica]";"4";"";
"G400 - Epilepsia e síndromes epilépticas idiopáticas definidas por sua localização (focal) (parcial) com crises de início focal";"4";"";
"G510 - Paralisia de Bell";"4";"";
"H571 - Dor ocular";"4";"";
"H603 - Outras otites externas infecciosas";"4";"";
"I694 - Seqüelas de acidente vascular cerebral não especificado como hemorrágico ou isquêmico";"4";"";
"I842 - Hemorróidas internas sem complicações";"4";"";
"I845 - Hemorróidas externas sem complicação";"4";"";
"I950 - Hipotensão idiopática";"4";"";
"J028 - Faringite aguda devida a outros microorganismos especificados";"4";"";
"J101 - Influenza com outras manifestações respiratórias, devida a vírus da influenza [gripe] identificado";"4";"";
"J209 - Bronquite aguda não especificada";"4";"";
"J219 - Bronquite aguda não especificada";"4";"";
"J303 - Outras rinites alérgicas";"4";"";
"J36 - Abscesso periamigdaliano";"4";"";
"K010 - Dentes inclusos";"4";"";
"K076 - Transtornos da articulação temporomandibular";"4";"";
"K121 - Outras formas de estomatite";"4";"";
"K219 - Doença de refluxo gastroesofágico sem esofagite";"4";"";
"K37 - Apendicite, sem outras especificações";"4";"";
"L022 - Abscesso cutâneo, furúnculo e antraz do tronco";"4";"";
"L028 - Abscesso cutâneo, furúnculo e antraz de outras localizações";"4";"";
"L509 - Urticária não especificada";"4";"";
"M539 - Dorsopatia não especificada";"4";"";
"N459 - Orquite, epididimite e epidídimo-orquite, sem menção de abscesso";"4";"";
"N748 - Inflamação pélvica feminina em outras doenças classificadas em outra parte";"4";"";
"N948 - Outras afecções especificadas associadas com os órgãos genitais femininos e com o ciclo menstrual";"4";"";
"R030 - Valor elevado da pressão arterial sem o diagnóstico de hipertensão";"4";"";
"R066 - Soluço";"4";"";
"R12 - Pirose";"4";"";
"R13 - Disfagia";"4";"";
"R202 - Parestesias cutâneas";"4";"";
"R252 - Cãibras e espasmos";"4";"";
"R410 - Desorientação não especificada";"4";"";
"R529 - Dor não especificada";"4";"";
"S012 - Ferimento do nariz";"4";"";
"S015 - Ferimento do lábio e da cavidade oral";"4";"";
"S098 - Outros traumatismos especificados da cabeça";"4";"";
"S607 - Traumatismos superficiais múltiplos do punho e da mão";"4";"";
"S628 - Fratura de outras partes e de partes não especificadas do punho e da mão";"4";"";
"S701 - Contusão da coxa";"4";"";
"S801 - Contusão de outras partes e de partes não especificadas da perna";"4";"";
"S818 - Ferimento de outras partes da perna";"4";"";
"S831 - Luxação do joelho";"4";"";
"S908 - Outros traumatismos superficiais do tornozelo e do pé";"4";"";
"T141 - Ferimento de região não especificada do corpo";"4";"";
"T173 - Corpo estranho na laringe";"4";"";
"T181 - Corpo estranho no esôfago";"4";"";
"V201 - Motociclista traumatizado em colisão com um pedestre ou um animal - passageiro traumatizado em acidente não-de-trânsito";"4";"";
"V211 - Motociclista traumatizado em colisão com um veículo a pedal - passageiro traumatizado em acidente não-de-trânsito";"4";"";
"V270 - Motociclista traumatizado em colisão com um objeto fixo ou parado - condutor traumatizado em acidente não-de-trânsito";"4";"";
"V293 - Motociclista [qualquer] traumatizado em um acidente não especificado, não-de-trânsito";"4";"";
"W018 - Queda no mesmo nível por escorregão, tropeção ou passos em falsos [traspés] - outros locais especificados";"4";"";
"W060 - Queda de um leito - residência";"4";"";
"W068 - Queda de um leito - outros locais especificados";"4";"";
"W190 - Queda sem especificação - residência";"4";"";
"W541 - Mordedura ou golpe provocado por cão - habitação coletiva";"4";"";
"W551 - Mordedura ou golpe provocado por outros animais mamíferos - habitação coletiva";"4";"";
"X224 - Contato com escorpiões - rua e estrada";"4";"";
"X227 - Contato com escorpiões - fazenda";"4";"";
"X400 - Envenenamento [intoxicação] acidental por e exposição a analgésicos, antipiréticos e anti-reumáticos, não-opiáceos - residência";"4";"";
"X600 - Auto-intoxicação por e exposição, intencional, a analgésicos, antipiréticos e anti-reumáticos, não-opiáceos - residência";"4";"";
"X610 - Auto-intoxicação por e exposição, intencional, a drogas anticonvulsivantes [antiepilépticos] sedativos, hipnóticos, antiparkinsonianos e psicotrópicos não classificados em outra parte - residência";"4";"";
"X640 - Auto-intoxicação por e exposição, intencional, a outras drogas, medicamentos e substâncias biológicas e às não especificadas - residência";"4";"";
"Y000 - Agressão por meio de um objeto contundente - residência";"4";"";
"Y284 - Contato com objeto cortante ou penetrante, intenção não determinada - rua e estrada";"4";"";
"Y911 - Intoxicação alcoólica moderada";"4";"";
"B001 - Dermatite vesicular devido ao vírus do herpes";"3";"";
"B379 - Candidíase não especificada";"3";"";
"B972 - Coronavírus, como causa de doenças classificadas em outros capítulos";"3";"";
"C099 - Amígdala, não especificada";"3";"";
"E105 - Diabetes mellitus insulino-dependente - com complicações circulatórias periféricas";"3";"";
"E115 - Diabetes mellitus não-insulino-dependente - com complicações circulatórias periféricas";"3";"";
"E440 - Desnutrição protéico-calórica moderada";"3";"";
"E46 - Desnutrição protéico-calórica não especificada";"3";"";
"F130 - Transtornos mentais e comportamentais devidos ao uso de sedativos e hipnóticos - intoxicação aguda";"3";"";
"F200 - Esquizofrenia paranóide";"3";"";
"F321 - Episódio depressivo moderado";"3";"";
"F430 - Reação aguda ao "stress"";"3";"";
"G408 - Outras epilepsias";"3";"";
"G448 - Outras síndromes de cefaléia especificadas";"3";"";
"G909 - Transtorno não especificado do sistema nervoso autônomo";"3";"";
"H100 - Conjuntivite mucopurulenta";"3";"";
"H109 - Conjuntivite não especificada";"3";"";
"H447 - Corpo estranho retido (antigo) intra-ocular de natureza não-magnética";"3";"";
"H832 - Disfunção do labirinto";"3";"";
"I471 - Taquicardia supraventricular";"3";"";
"J100 - Influenza com pneumonia devida ao vírus da influenza [gripe] identificado";"3";"";
"K029 - Cárie dentária, sem outra especificação";"3";"";
"K056 - Doença periodontal, sem outra especificação";"3";"";
"K088 - Outros transtornos especificados dos dentes e das estruturas de sustentação";"3";"";
"K250 - Úlcera gástrica - aguda com hemorragia";"3";"";
"K409 - Hérnia inguinal unilateral ou não especificada, sem obstrução ou gangrena";"3";"";
"K521 - Gastroenterite e colite tóxicas";"3";"";
"K528 - Outras gastroenterites e colites especificadas, não-infecciosas";"3";"";
"K746 - Outras formas de cirrose hepática e as não especificadas";"3";"";
"K800 - Calculose da vesícula biliar com colicistite aguda";"3";"";
"K802 - Calculose da vesícula biliar sem colecistite";"3";"";
"M461 - Sacroileíte não classificada em outra parte";"3";"";
"N111 - Pielonefrite obstrutiva crônica";"3";"";
"N481 - Balanopostite";"3";"";
"N768 - Outras inflamações especificadas da vagina e da vulva";"3";"";
"N96 - Abortamento habitual";"3";"";
"O210 - Hiperêmese gravídica leve";"3";"";
"R21 - Eritema e outras erupções cutâneas não especificadas";"3";"";
"R230 - Cianose";"3";"";
"R418 - Outros sintomas e sinais especificados relativos às funções cognitivas e à consciência";"3";"";
"R601 - Edema generalizado";"3";"";
"S008 - Traumatismo superficial de outras partes da cabeça";"3";"";
"S434 - Entorse e distensão de articulação do ombro";"3";"";
"S501 - Contusão de outras partes e de partes não especificadas do antebraço";"3";"";
"S517 - Ferimentos múltiplos do antebraço";"3";"";
"S528 - Fratura de outras partes do antebraço";"3";"";
"S531 - Luxação do cotovelo, não especificada";"3";"";
"S617 - Ferimentos múltiplos do punho e da mão";"3";"";
"S829 - Fratura da perna, parte não especificada";"3";"";
"S930 - Luxação da articulação do tornozelo";"3";"";
"S998 - Outros traumatismos especificados do tornozelo e do pé";"3";"";
"T202 - Queimadura de segundo grau da cabeça e do pescoço";"3";"";
"T793 - Infecção pós-traumática de ferimento não classificada em outra parte";"3";"";
"V204 - Motociclista traumatizado em colisão com um pedestre ou um animal - condutor traumatizado em um acidente de trânsito";"3";"";
"V214 - Motociclista traumatizado em colisão com um veículo a pedal - condutor traumatizado em um acidente de trânsito";"3";"";
"V232 - Motociclista traumatizado em colisão com um automóvel [carro], "pick up" ou caminhonete - motociclista não especificado traumatizado em acidente não-de-trânsito";"3";"";
"V296 - Motociclista não especificado traumatizado em colisão com outros veículos e com veículos não especificados, a motor em um acidente de trânsito";"3";"";
"W140 - Queda de árvore - residência";"3";"";
"W177 - Outras quedas de um nível a outro - fazenda";"3";"";
"W500 - Golpe, pancada, pontapé, mordedura ou escoriação infligidos por outra pessoa - residência";"3";"";
"W548 - Mordedura ou golpe provocado por cão - outros locais especificados";"3";"";
"W577 - Mordeduras e picadas de inseto e de outros artrópodes, não-venenosos - fazenda";"3";"";
"X221 - Contato com escorpiões - habitação coletiva";"3";"";
"X231 - Contato com abelhas, vespas e vespões - habitação coletiva";"3";"";
"X237 - Contato com abelhas, vespas e vespões - fazenda";"3";"";
"X290 - Contato com animais ou plantas venenosos, sem especificação - residência";"3";"";
"X410 - Envenenamento [intoxicação] acidental por e exposição a anticonvulsivantes [antiepilépticos], sedativos, hipnóticos, antiparkinsonianos e psicotrópicos não classificadas em outra parte - residência";"3";"";
"X659 - Auto-intoxicação voluntária por álcool - local não especificado";"3";"";
"X690 - Auto-intoxicação por e exposição, intencional, a outros produtos químicos e substâncias nocivas não especificadas - residência";"3";"";
"Y044 - Agressão por meio de força corporal - rua e estrada";"3";"";
"Y289 - Contato com objeto cortante ou penetrante, intenção não determinada - local não especificado";"3";"";
"Y471 - Benzodiazepínicos";"3";"";
"Z532 - Procedimento não realizado devido à decisão do paciente por outras razões e as não especificadas";"3";"";
"Z915 - História pessoal de auto agressão";"3";"";
"A000 - Cólera devida a Vibrio cholerae 01, biótipo cholerae";"2";"";
"A009 - Cólera não especificada";"2";"";
"A449 - Bartonelose não especificada";"2";"";
"A600 - Infecção dos órgãos genitais e do trato geniturinário pelo vírus do herpes";"2";"";
"A838 - Outras encefalites por vírus transmitidas por mosquitos";"2";"";
"A881 - Vertigem epidêmica";"2";"";
"B023 - Herpes zoster oftálmico";"2";"";
"B308 - Outras conjuntivites virais (H13.1*)";"2";"";
"B330 - Mialgia epidêmica";"2";"";
"B356 - Tinea cruris";"2";"";
"B369 - Micose superficial não especificada";"2";"";
"B442 - Aspergilose amigdaliana";"2";"";
"B963 - Haemophilus influenzae [H. influenzae], como causa de doenças classificadas em outros capítulos";"2";"";
"C411 - Mandíbula";"2";"";
"C413 - Costelas, esterno e clavícula";"2";"";
"C629 - Testículo, sem outras especificações";"2";"";
"C689 - Órgão urinário, não especificado";"2";"";
"C699 - Olho, não especificado";"2";"";
"C760 - Cabeça, face e pescoço";"2";"";
"D049 - Pele, não especificada";"2";"";
"D091 - Outros órgãos urinários e os não especificados";"2";"";
"D307 - Outros órgãos urinários";"2";"";
"D360 - Gânglios linfáticos (linfonodos)";"2";"";
"D419 - Órgão urinário, não especificado";"2";"";
"D508 - Outras anemias por deficiência de ferro";"2";"";
"D690 - Púrpura alérgica";"2";"";
"E145 - Diabetes mellitus não especificado - com complicações circulatórias periféricas";"2";"";
"E52 - Deficiência de niacina [pelagra]";"2";"";
"F104 - Transtornos mentais e comportamentais devidos ao uso de álcool - síndrome de abstinência com delirium";"2";"";
"F109 - Transtornos mentais e comportamentais devidos ao uso de álcool - transtorno mental ou comportamental não especificado";"2";"";
"F113 - Transtornos mentais e comportamentais devidos ao uso de opiáceos - síndrome [estado] de abstinência";"2";"";
"F209 - Esquizofrenia não especificada";"2";"";
"F230 - Transtorno psicótico agudo polimorfo, sem sintomas esquizofrênicos";"2";"";
"F231 - Transtorno psicótico agudo polimorfo, com sintomas esquizofrênicos";"2";"";
"F328 - Outros episódios depressivos";"2";"";
"F505 - Vômitos associados a outros distúrbios psicológicos";"2";"";
"G404 - Outras epilepsias e síndromes epilépticas generalizadas";"2";"";
"G433 - Enxaqueca complicada";"2";"";
"G441 - Cefaléia vascular, não classificada em outra parte";"2";"";
"G501 - Dor facial atípica";"2";"";
"G580 - Neuropatia intercostal";"2";"";
"H000 - Hordéolo e outras inflamações profundas das pálpebras";"2";"";
"H102 - Outras conjuntivites agudas";"2";"";
"H103 - Conjuntivite aguda não especificada";"2";"";
"H108 - Outras conjuntivites";"2";"";
"H542 - Visão subnormal de ambos os olhos";"2";"";
"H653 - Otite média mucóide crônica";"2";"";
"H664 - Otite média supurativa não especificada";"2";"";
"I830 - Varizes dos membros inferiores com úlcera";"2";"";
"I831 - Varizes dos membros inferiores com inflamação";"2";"";
"I832 - Varizes dos membros inferiores com úlcera e inflamação";"2";"";
"I839 - Varizes dos membros inferiores sem úlcera ou inflamação";"2";"";
"I843 - Hemorróidas externas trombosadas";"2";"";
"I850 - Varizes esofagianas sangrantes";"2";"";
"I868 - Varizes de outras localizações especificadas";"2";"";
"J038 - Amigdalite aguda devida a outros microorganismos especificados";"2";"";
"J060 - Laringofaringite aguda";"2";"";
"J108 - Influenza com outras manifestações, devida a vírus da influenza [gripe] identificado";"2";"";
"J154 - Pneumonia devida a outros estreptococos";"2";"";
"J312 - Faringite crônica";"2";"";
"J399 - Doença não especificada das vias aéreas superiores";"2";"";
"J458 - Asma mista";"2";"";
"J80 - Síndrome do desconforto respiratório do adulto";"2";"";
"K004 - Distúrbios na formação dos dentes";"2";"";
"K038 - Outras doenças especificadas dos tecidos duros dos dentes";"2";"";
"K047 - Abscesso periapical sem fístula";"2";"";
"K055 - Outras doenças periodontais";"2";"";
"K122 - Celulite e abscesso da boca";"2";"";
"K257 - Úlcera gástrica - crônica sem hemorragia ou perfuração";"2";"";
"K292 - Gastrite alcoólica";"2";"";
"K400 - Hérnia inguinal bilateral, com obstrução, sem gangrena";"2";"";
"K458 - Outras hérnias abdominais especificadas, sem obstrução ou gangrena";"2";"";
"K628 - Outras doenças especificadas do ânus e do reto";"2";"";
"K703 - Cirrose hepática alcoólica";"2";"";
"K801 - Calculose da vesícula biliar com outras formas de colecistite";"2";"";
"L021 - Abscesso cutâneo, furúnculo e antraz do pescoço";"2";"";
"L032 - Celulite da face";"2";"";
"L088 - Outras infecções localizadas, especificadas, da pele e do tecido subcutâneo";"2";"";
"L308 - Outras dermatites especificadas";"2";"";
"L409 - Psoríase não especificada";"2";"";
"L608 - Outras afecções das unhas";"2";"";
"L720 - Cisto epidérmico";"2";"";
"L89 - Úlcera de decúbito";"2";"";
"L97 - Úlcera dos membros inferiores não classificada em outra parte";"2";"";
"M236 - Outras rupturas espontâneas de ligamento(s) do joelho";"2";"";
"M797 - Fibromialgia";"2";"";
"M939 - Osteocondropatias, não especificada";"2";"";
"N029 - Hematúria recidivante e persistente - não especificada";"2";"";
"N308 - Outras cistites";"2";"";
"N411 - Prostatite crônica";"2";"";
"N44 - Torção do testículo";"2";"";
"N511 - Transtornos do testículo e do epidídimo em doenças classificadas em outra parte";"2";"";
"N761 - Vaginite subaguda e crônica";"2";"";
"N808 - Outra endometriose";"2";"";
"N920 - Menstruação excessiva e freqüente com ciclo regular";"2";"";
"N926 - Menstruação irregular, não especificada";"2";"";
"N943 - Síndrome de tensão pré-menstrual";"2";"";
"O912 - Mastite não purulenta associada ao parto";"2";"";
"P741 - Desidratação do recém-nascido";"2";"";
"P783 - Diarréia neonatal não-infecciosa";"2";"";
"P920 - Vômitos no recém-nascido";"2";"";
"R042 - Hemoptise";"2";"";
"R251 - Tremor não especificado";"2";"";
"R301 - Tenesmo vesical";"2";"";
"R441 - Alucinações visuais";"2";"";
"R443 - Alucinações não especificadas";"2";"";
"R466 - Inquietação e preocupação exageradas com acontecimentos "estressantes"";"2";"";
"R470 - Disfasia e afasia";"2";"";
"R578 - Outras formas de choque";"2";"";
"S017 - Ferimentos múltiplos da cabeça";"2";"";
"S026 - Fratura de mandíbula";"2";"";
"S051 - Contusão do globo ocular e dos tecidos da órbita";"2";"";
"S054 - Ferimento penetrante da órbita com ou sem corpo estranho";"2";"";
"S068 - Outros traumatismos intracranianos";"2";"";
"S069 - Traumatismo intracraniano, não especificado";"2";"";
"S071 - Lesão por esmagamento do crânio";"2";"";
"S090 - Traumatismo dos vasos sangüíneos da cabeça não classificados em outra parte";"2";"";
"S212 - Ferimento da parede posterior do tórax";"2";"";
"S223 - Fratura de costela";"2";"";
"S313 - Ferimento do escroto e do testículo";"2";"";
"S508 - Outros traumatismos superficiais do antebraço";"2";"";
"S509 - Traumatismo superficial do antebraço, não especificado";"2";"";
"S510 - Ferimento do cotovelo";"2";"";
"S523 - Fratura da diáfise do rádio";"2";"";
"S529 - Fratura do antebraço, parte não especificada";"2";"";
"S623 - Fratura de outros ossos do metacarpo";"2";"";
"S632 - Luxações múltiplas dos dedos";"2";"";
"S635 - Entorse e distensão do punho";"2";"";
"S636 - Entorse e distensão do(s) dedo(s)";"2";"";
"S681 - Amputação traumática de um outro dedo apenas (completa) (parcial)";"2";"";
"S700 - Contusão do quadril";"2";"";
"S729 - Fratura do fêmur, parte não especificada";"2";"";
"S808 - Outros traumatismos superficiais da perna";"2";"";
"S817 - Ferimentos múltiplos da perna";"2";"";
"S820 - Fratura da rótula [patela]";"2";"";
"S911 - Ferimento do(s) artelho(s) sem lesão da unha";"2";"";
"S917 - Ferimentos múltiplos do tornozelo e do pé";"2";"";
"S929 - Fratura do pé não especificada";"2";"";
"S978 - Lesão por esmagamento de outras partes do tornozelo e do pé";"2";"";
"T188 - Corpo estranho em outras partes e partes múltiplas do aparelho digestivo";"2";"";
"T200 - Queimadura da cabeça e do pescoço, grau não especificado";"2";"";
"T232 - Queimadura de segundo grau do punho e da mão";"2";"";
"T252 - Queimadura de segundo grau do tornozelo e do pé";"2";"";
"T509 - Outras drogas, medicamentos e substâncias biológicas e as não especificadas";"2";"";
"T519 - Álcool não especificado";"2";"";
"T742 - Abuso sexual";"2";"";
"T901 - Seqüelas de ferimento da cabeça";"2";"";
"V180 - Ciclista traumatizado em um acidente de transporte sem colisão - condutor traumatizado em acidente não-de-trânsito";"2";"";
"V193 - Ciclista [qualquer] traumatizado em um acidente não especificado e não-de-trânsito";"2";"";
"V195 - Passageiro traumatizado em colisão com outros veículos e com veículos não especificados, a motor, em um acidente de trânsito";"2";"";
"V220 - Motociclista traumatizado em colisão com um veículo a motor de duas ou três rodas - condutor traumatizado em acidente não-de-trânsito";"2";"";
"V285 - Motociclista traumatizado em um acidente de transporte sem colisão - passageiro traumatizado em um acidente de trânsito";"2";"";
"V870 - Pessoa traumatizada em uma colisão entre um automóvel [carro] e um veículo a motor de duas ou três rodas (acidente de trânsito)";"2";"";
"V877 - Pessoa traumatizada em uma colisão entre outros veículos a motor especificados (acidente de trânsito)";"2";"";
"V892 - Pessoa traumatizada em um acidente de trânsito com um veículo a motor não especificado";"2";"";
"V899 - Pessoa traumatizada em um acidente com um veículo não especificado";"2";"";
"W013 - Queda no mesmo nível por escorregão, tropeção ou passos em falsos [traspés] - área para a prática de esportes e atletismo";"2";"";
"W030 - Outras quedas no mesmo nível por colisão com ou empurrão por outra pessoa - residência";"2";"";
"W069 - Queda de um leito - local não especificado";"2";"";
"W080 - Queda de outro tipo de mobília - residência";"2";"";
"W174 - Outras quedas de um nível a outro - rua e estrada";"2";"";
"W184 - Outras quedas no mesmo nível - rua e estrada";"2";"";
"W197 - Queda sem especificação - fazenda";"2";"";
"W198 - Queda sem especificação - outros locais especificados";"2";"";
"W344 - Projéteis de outras armas de fogo e das não especificadas - rua e estrada";"2";"";
"W440 - Penetração de corpo estranho no ou através de olho ou orifício natural - residência";"2";"";
"W547 - Mordedura ou golpe provocado por cão - fazenda";"2";"";
"W558 - Mordedura ou golpe provocado por outros animais mamíferos - outros locais especificados";"2";"";
"W578 - Mordeduras e picadas de inseto e de outros artrópodes, não-venenosos - outros locais especificados";"2";"";
"W870 - Exposição a corrente elétrica não especificada - residência";"2";"";
"X650 - Auto-intoxicação voluntária por álcool - residência";"2";"";
"X655 - Auto-intoxicação voluntária por álcool - áreas de comércio e de serviços";"2";"";
"X991 - Agressão por meio de objeto cortante ou penetrante - habitação coletiva";"2";"";
"Y048 - Agressão por meio de força corporal - outros locais especificados";"2";"";
"Y049 - Agressão por meio de força corporal - local não especificado";"2";"";
"Y080 - Agressão por outros meios especificados - residência";"2";"";
"Y281 - Contato com objeto cortante ou penetrante, intenção não determinada - habitação coletiva";"2";"";
"Y845 - Colocação de sonda gástrica ou duodenal";"2";"";
"Y912 - Intoxicação alcoólica grave";"2";"";
"Z108 - Exame geral de rotina de outra subpopulação definida";"2";"";
"A020 - Enterite por salmonela";"1";"";
"A029 - Infecção não especificada por salmonela";"1";"";
"A060 - Disenteria amebiana aguda";"1";"";
"A081 - Gastroenteropatia aguda pelo agente de Norwalk";"1";"";
"A259 - Febre transmitida por mordedura de rato, tipo não especificado";"1";"";
"A269 - Erisipelóide não especificado";"1";"";
"A311 - Infecção cutânea micobacteriana";"1";"";
"A318 - Outras infecções micobacterianas";"1";"";
"A418 - Outras septicemias especificadas";"1";"";
"A490 - Infecção estafilocócica não especificada";"1";"";
"A493 - Infecção por Mycoplasma não especificada";"1";"";
"A509 - Sífilis congênita não especificada";"1";"";
"A549 - Infecção gonocócica não especificada";"1";"";
"A64 - Doenças sexualmente transmitidas, não especificadas";"1";"";
"A661 - Papilomas múltiplos e bouba plantar úmida (cravo de bouba)";"1";"";
"A920 - Febre de Chikungunya";"1";"";
"A99 - Febres hemorrágicas virais não especificadas";"1";"";
"B002 - Gengivoestomatite e faringoamigdalite devida ao vírus do herpes";"1";"";
"B007 - Doença disseminada devida ao vírus do herpes";"1";"";
"B008 - Outras formas de infecção devida ao vírus do herpes";"1";"";
"B028 - Herpes zoster com outras complicações";"1";"";
"B059 - Sarampo sem complicação";"1";"";
"B084 - Estomatite vesicular devida a enterovírus com exantema";"1";"";
"B088 - Outras infecções virais especificadas caracterizadas por lesões de pele e das membranas mucosas";"1";"";
"B260 - Orquite por caxumba [parotidite epidêmica] (N51.1*)";"1";"";
"B342 - Infecção por coronavírus, não especificada";"1";"";
"B360 - Pitiríase versicolor";"1";"";
"B370 - Estomatite por Candida";"1";"";
"B421 - Esporotricose linfocutânea";"1";"";
"B80 - Oxiuríase";"1";"";
"B871 - Miíase das feridas";"1";"";
"B874 - Miíase auricular";"1";"";
"B953 - Streptococcus pneumoniae, como causa de doenças classificadas em outros capítulos";"1";"";
"B974 - Vírus sincicial respiratório, como causa de doenças classificadas em outros capítulos";"1";"";
"C001 - Lábio inferior externo";"1";"";
"C008 - Lesão invasiva do lábio";"1";"";
"C029 - Língua, não especificada";"1";"";
"C039 - Gengiva, não especificada";"1";"";
"C069 - Boca, não especificada";"1";"";
"C098 - Lesão invasiva da amígdala";"1";"";
"C140 - Faringe, não especificada";"1";"";
"C221 - Carcinoma de vias biliares intra-hepáticas";"1";"";
"C229 - Neoplasia maligna do fígado, não especificada";"1";"";
"C301 - Ouvido médio";"1";"";
"C349 - Brônquios ou pulmões, não especificado";"1";"";
"C410 - Ossos do crânio e da face";"1";"";
"C509 - Mama, não especificada";"1";"";
"C55 - Neoplasia maligna do útero, porção não especificada";"1";"";
"C609 - Pênis, não especificado";"1";"";
"C61 - Neoplasia maligna da próstata";"1";"";
"C781 - Neoplasia maligna secundária do mediastino";"1";"";
"C787 - Neoplasia maligna secundária do fígado";"1";"";
"C947 - Outras leucemias especificadas";"1";"";
"C959 - Leucemia não especificada";"1";"";
"D012 - Reto";"1";"";
"D048 - Pele de outras localizações";"1";"";
"D057 - Outros carcinomas in situ";"1";"";
"D103 - Outras partes da boca e as não especificadas";"1";"";
"D104 - Amígdala";"1";"";
"D110 - Glândula parótida";"1";"";
"D164 - Ossos do crânio e da face";"1";"";
"D168 - Ossos pélvicos, sacro e cóccix";"1";"";
"D233 - Pele de outras partes e de partes não especificadas da face";"1";"";
"D250 - Leiomioma submucoso do útero";"1";"";
"D309 - Órgão urinário, não especificado";"1";"";
"D373 - Apêndice";"1";"";
"D417 - Outros órgãos urinários";"1";"";
"D486 - Mama";"1";"";
"D489 - Neoplasia de comportamento incerto ou desconhecido sem outra especificação";"1";"";
"D509 - Anemia por deficiência de ferro não especificada";"1";"";
"D570 - Anemia falciforme com crise";"1";"";
"D698 - Outras afecções hemorrágicas especificadas";"1";"";
"D892 - Hipergamaglobulinemia não especificada";"1";"";
"E032 - Hipotireoidismo devido a medicamentos e outras substâncias exógenas";"1";"";
"E101 - Diabetes mellitus insulino-dependente - com cetoacidose";"1";"";
"E104 - Diabetes mellitus insulino-dependente - com complicações neurológicas";"1";"";
"E106 - Diabetes mellitus insulino-dependente - com outras complicações especificadas";"1";"";
"E135 - Outros tipos especificados de diabetes mellitus - com complicações circulatórias periféricas";"1";"";
"E141 - Diabetes mellitus não especificado - com cetoacidose";"1";"";
"E146 - Diabetes mellitus não especificado - com outras complicações especificadas";"1";"";
"E160 - Hipoglicemia induzida por droga sem coma";"1";"";
"E299 - Disfunção testicular não especificada";"1";"";
"E441 - Desnutrição protéico-calórica leve";"1";"";
"E86 - Depleção de volume";"1";"";
"E878 - Outros transtornos do equilíbrio hidroeletrolítico não classificados em outra parte";"1";"";
"F009 - Demência não especificada na doença de Alzheimer (G30.9+)";"1";"";
"F059 - Delirium não especificado";"1";"";
"F061 - Estado catatônico orgânico";"1";"";
"F065 - Transtorno dissociativo orgânico";"1";"";
"F066 - Transtorno de labilidade emocional [astênico] orgânico";"1";"";
"F09 - Transtorno mental orgânico ou sintomático não especificado";"1";"";
"F105 - Transtornos mentais e comportamentais devidos ao uso de álcool - transtorno psicótico";"1";"";
"F108 - Transtornos mentais e comportamentais devidos ao uso de álcool - outros transtornos mentais ou comportamentais";"1";"";
"F133 - Transtornos mentais e comportamentais devidos ao uso de sedativos e hipnóticos - síndrome [estado] de abstinência";"1";"";
"F140 - Transtornos mentais e comportamentais devidos ao uso da cocaína - intoxicação aguda";"1";"";
"F190 - Transtornos mentais e comportamentais devidos ao uso de múltiplas drogas e ao uso de outras substâncias psicoativas - intoxicação aguda";"1";"";
"F204 - Depressão pós-esquizofrênica";"1";"";
"F208 - Outras esquizofrenias";"1";"";
"F220 - Transtorno delirante";"1";"";
"F251 - Transtorno esquizoafetivo do tipo depressivo";"1";"";
"F332 - Transtorno depressivo recorrente, episódio atual grave sem sintomas psicóticos";"1";"";
"F450 - Transtorno de somatização";"1";"";
"F453 - Transtorno neurovegetativo somatoforme";"1";"";
"F621 - Modificação duradoura da personalidade após doença psiquiátrica";"1";"";
"F932 - Distúrbio de ansiedade social da infância";"1";"";
"G009 - Meningite bacteriana não especificada";"1";"";
"G243 - Torcicolo espasmódico";"1";"";
"G251 - Tremor induzido por drogas";"1";"";
"G252 - Outras formas especificadas de tremor";"1";"";
"G253 - Mioclonia";"1";"";
"G312 - Degeneração do sistema nervoso devida ao álcool";"1";"";
"G402 - Epilepsia e síndromes epilépticas sintomáticas definidas por sua localização (focal) (parcial) com crises parciais complexas";"1";"";
"G432 - Estado de mal enxaquecoso";"1";"";
"G443 - Cefaléia crônica pós-traumática";"1";"";
"G453 - Amaurose fugaz";"1";"";
"G459 - Isquemia cerebral transitória não especificada";"1";"";
"G471 - Distúrbios do sono por sonolência excessiva [hipersonia]";"1";"";
"G560 - Síndrome do túnel do carpo";"1";"";
"G819 - Hemiplegia não especificada";"1";"";
"G948 - Outros transtornos encefálicos especificados em doenças classificadas em outra parte";"1";"";
"H018 - Outras inflamações especificadas da pálpebra";"1";"";
"H055 - Corpo estranho (antigo) retido conseqüente a ferimento perfurante da órbita";"1";"";
"H113 - Hemorragia conjuntival";"1";"";
"H114 - Outros transtornos vasculares e cistos conjuntivais";"1";"";
"H138 - Outros transtornos da conjuntiva em doença classificadas em outra parte";"1";"";
"H178 - Outras cicatrizes e opacidades da córnea";"1";"";
"H400 - Suspeita de glaucoma";"1";"";
"H446 - Corpo estranho retido (antigo) intra-ocular de natureza magnética";"1";"";
"H448 - Outros transtornos do globo ocular";"1";"";
"H545 - Visão subnormal em um olho";"1";"";
"H578 - Outros transtornos especificados do olho e anexos";"1";"";
"H579 - Transtorno não especificado do olho e anexos";"1";"";
"H599 - Transtorno não especificado do olho e anexos pós-procedimento";"1";"";
"H611 - Transtornos não-infecciosos do pavilhão da orelha";"1";"";
"H619 - Transtorno não especificado do ouvido externo";"1";"";
"H652 - Otite média serosa crônica";"1";"";
"H811 - Vertigem paroxística benigna";"1";"";
"H82 - Síndromes vertiginosas em doenças classificadas em outra parte";"1";"";
"H905 - Perda de audição neuro-sensorial não especificada";"1";"";
"H930 - Transtornos degenerativos e vasculares do ouvido";"1";"";
"H932 - Outras percepções auditivas anormais";"1";"";
"H939 - Transtorno não especificado do ouvido";"1";"";
"I051 - Insuficiência mitral reumática";"1";"";
"I110 - Doença cardíaca hipertensiva com insuficiência cardíaca (congestiva)";"1";"";
"I119 - Doença cardíaca hipertensiva sem insuficiência cardíaca (congestiva)";"1";"";
"I158 - Outras formas de hipertensão secundária";"1";"";
"I200 - Angina instável";"1";"";
"I213 - Infarto agudo transmural do miocárdio, de localização não especificada";"1";"";
"I278 - Outras doenças pulmonares do coração especificadas";"1";"";
"I313 - Derrame pericárdico (não-inflamatório)";"1";"";
"I738 - Outras doenças vasculares periféricas especificadas";"1";"";
"I770 - Fístula arteriovenosa adquirida";"1";"";
"I778 - Outras afecções especificadas das artérias e das arteríolas";"1";"";
"I828 - Embolia e trombose de outras veias especificadas";"1";"";
"I841 - Hemorróidas internas com outras complicações";"1";"";
"I846 - Plicomas hemorroidários residuais";"1";"";
"I847 - Hemorróidas trombosadas, não especificadas";"1";"";
"I849 - Hemorróidas sem complicações, não especificadas";"1";"";
"I859 - Varizes esofagianas sem sangramento";"1";"";
"I861 - Varizes escrotais";"1";"";
"I878 - Outros transtornos venosos especificados";"1";"";
"I890 - Linfedema não classificado em outra parte";"1";"";
"J012 - Sinusite etmoidal aguda";"1";"";
"J128 - Outras pneumonias virais";"1";"";
"J13 - Pneumonia devida a Streptococcus pneumoniae";"1";"";
"J201 - Bronquite aguda devida a Haemophilus influenzae";"1";"";
"J206 - Bronquite aguda devida a rinovírus";"1";"";
"J208 - Bronquite aguda devida a outros microorganismos especificados";"1";"";
"J210 - Bronquiolite aguda devida a vírus sincicial respiratório";"1";"";
"J302 - Outras rinites alérgicas sazonais";"1";"";
"J310 - Rinite crônica";"1";"";
"J321 - Sinusite frontal crônica";"1";"";
"J329 - Sinusite crônica não especificada";"1";"";
"J340 - Abscesso, furúnculo e antraz do nariz";"1";"";
"J342 - Desvio do septo nasal";"1";"";
"J352 - Hipertrofia das adenóides";"1";"";
"J690 - Pneumonite devida a alimento ou vômito";"1";"";
"J960 - Insuficiência respiratória aguda";"1";"";
"K003 - Dentes manchados";"1";"";
"K006 - Distúrbios da erupção dentária";"1";"";
"K011 - Dentes impactados";"1";"";
"K028 - Outras cáries dentárias";"1";"";
"K041 - Necrose da polpa";"1";"";
"K068 - Outros transtornos especificados da gengiva e do rebordo alveolar sem dentes";"1";"";
"K081 - Perda de dentes devida a acidente, extração ou a doenças periodontais localizadas";"1";"";
"K113 - Abscesso de glândula salivar";"1";"";
"K137 - Outras lesões e as não especificadas da mucosa oral";"1";"";
"K149 - Doença da língua, sem outra especificação";"1";"";
"K253 - Úlcera gástrica - aguda sem hemorragia ou perfuração";"1";"";
"K259 - Úlcera gástrica - não especificada como aguda ou crônica, sem hemorragia ou perfuração";"1";"";
"K293 - Gastrite superficial crônica";"1";"";
"K36 - Outras formas de apendicite";"1";"";
"K389 - Doença do apêndice, sem outra especificação";"1";"";
"K402 - Hérnia inguinal bilateral, sem obstrução ou gangrena";"1";"";
"K404 - Hérnia inguinal unilateral ou não especificada, com gangrena";"1";"";
"K419 - Hérnia femoral unilateral ou não especificada, sem obstrução ou gangrena";"1";"";
"K420 - Hérnia umbilical com obstrução, sem gangrena";"1";"";
"K429 - Hérnia umbilical sem obstrução ou gangrena";"1";"";
"K431 - Hérnia ventral com gangrena";"1";"";
"K461 - Hérnia abdominal não especificada com gangrena";"1";"";
"K518 - Outras colites ulcerativas";"1";"";
"K566 - Outras formas de obstrução intestinal, e as não especificadas";"1";"";
"K573 - Doença diverticular do intestino grosso sem perfuração ou abscesso";"1";"";
"K610 - Abscesso anal";"1";"";
"K623 - Prolapso retal";"1";"";
"K625 - Hemorragia do ânus e do reto";"1";"";
"K701 - Hepatite alcoólica";"1";"";
"K717 - Doença hepática tóxica com fibrose e cirrose hepáticas";"1";"";
"K804 - Calculose de via biliar com colecistite";"1";"";
"K805 - Calculose de via biliar sem colangite ou colecistite";"1";"";
"K811 - Colecistite crônica";"1";"";
"K818 - Outras colecistites";"1";"";
"K829 - Doença da vesícula biliar, sem outra especificação";"1";"";
"K850 - Pancreatite aguda idiopática";"1";"";
"K921 - Melena";"1";"";
"K922 - Hemorragia gastrointestinal, sem outra especificação";"1";"";
"L030 - Celulite de dedos das mãos e dos pés";"1";"";
"L038 - Celulite de outros locais";"1";"";
"L059 - Cisto pilonidal sem abscesso";"1";"";
"L131 - Dermatite pustular subcorneana";"1";"";
"L232 - Dermatite alérgica de contato devida a cosméticos";"1";"";
"L233 - Dermatite alérgica de contato devido a drogas em contato com a pele";"1";"";
"L245 - Dermatite de contato por irritantes devida a outros produtos químicos";"1";"";
"L253 - Dermatite de contato não especificada devida a outros produtos químicos";"1";"";
"L258 - Dermatite de contato não especificada devida a outros agentes";"1";"";
"L259 - Dermatite de contato não especificada, de causa não especificada";"1";"";
"L282 - Outras formas de prurigo";"1";"";
"L291 - Prurido escrotal";"1";"";
"L292 - Prurido vulvar";"1";"";
"L508 - Outras urticárias";"1";"";
"L530 - Eritema tóxico";"1";"";
"L550 - Queimadura solar de primeiro grau";"1";"";
"L558 - Outras queimaduras solares";"1";"";
"L609 - Afecções das unhas, não especificadas";"1";"";
"L700 - Acne vulgar";"1";"";
"L709 - Acne, não especificada";"1";"";
"L909 - Afecções atróficas da pele, não especificadas";"1";"";
"M062 - Bursite reumatóide";"1";"";
"M068 - Outras artrites reumatóides especificadas";"1";"";
"M069 - Artrite reumatóide não especificada";"1";"";
"M131 - Monoartrites não classificadas em outra parte";"1";"";
"M138 - Outras artrites especificadas";"1";"";
"M139 - Artrite não especificada";"1";"";
"M140 - Artropatia gotosa devida a defeitos enzimáticos e a outras doenças hereditárias";"1";"";
"M158 - Outras poliartroses";"1";"";
"M205 - Outras deformidades (adquiridas) do(s) dedo(s) dos pés";"1";"";
"M216 - Outras deformidades adquiridas do tornozelo e do pé";"1";"";
"M235 - Instabilidade crônica do joelho";"1";"";
"M243 - Deslocamento e subluxação patológicas de articulação, não classificada em outra parte";"1";"";
"M244 - Deslocamento e subluxação de articulação recidivantes";"1";"";
"M501 - Transtorno do disco cervical com radiculopatia";"1";"";
"M511 - Transtornos de discos lombares e de outros discos intervertebrais com radiculopatia";"1";"";
"M602 - Granuloma de corpo estranho no tecido mole não classificado em outra parte";"1";"";
"M625 - Perda e atrofia muscular não classificadas em outra parte";"1";"";
"M626 - Distensão muscular";"1";"";
"M652 - Tendinite calcificada";"1";"";
"M701 - Bursite da mão";"1";"";
"M702 - Bursite do olécrano";"1";"";
"M705 - Outras bursites do joelho";"1";"";
"M707 - Outras bursites do quadril";"1";"";
"M715 - Outras bursites não classificadas em outra parte";"1";"";
"M752 - Tendinite bicepital";"1";"";
"M772 - Periartrite do punho";"1";"";
"M773 - Esporão do calcâneo";"1";"";
"M792 - Nevralgia e neurite não especificadas";"1";"";
"M799 - Transtorno dos tecidos moles não especificado";"1";"";
"M844 - Fratura patológica não classificada em outra parte";"1";"";
"M861 - Outra osteomielite aguda";"1";"";
"M879 - Osteonecrose não especificada";"1";"";
"M894 - Outras osteoartropatias hipertróficas";"1";"";
"M930 - Luxação (não-traumática) da epífise superior do fêmur";"1";"";
"M938 - Outras osteocondropatias, especificadas";"1";"";
"M940 - Síndrome da junção condrocostal [Tietze]";"1";"";
"M998 - Outras lesões biomecânicas";"1";"";
"M999 - Lesão biomecânica não especificada";"1";"";
"N076 - Nefropatia hereditária não classificada em outra parte - doença de depósito denso";"1";"";
"N201 - Calculose do ureter";"1";"";
"N219 - Cálculo do trato urinário inferior, porção não especificada";"1";"";
"N329 - Transtorno não especificado da bexiga";"1";"";
"N394 - Outras incontinências urinárias especificadas";"1";"";
"N433 - Hidrocele não especificada";"1";"";
"N482 - Outros transtornos inflamatórios do pênis";"1";"";
"N512 - Balanite em doenças classificadas em outra parte";"1";"";
"N61 - Transtornos inflamatórios da mama";"1";"";
"N63 - Nódulo mamário não especificado";"1";"";
"N640 - Fissura e fístula do mamilo";"1";"";
"N645 - Outros sintomas e sinais da mama";"1";"";
"N739 - Doença inflamatória não especificada da pelve feminina";"1";"";
"N751 - Abscesso da glândula de Bartholin";"1";"";
"N912 - Amenorréia, não especificada";"1";"";
"N921 - Menstruação excessiva e freqüente com ciclo irregular";"1";"";
"N924 - Sangramento abundante na pré-menopausa";"1";"";
"O019 - Mola hidatiforme não especificada";"1";"";
"O021 - Aborto retido";"1";"";
"O039 - Aborto espontâneo - completo ou não especificado, sem complicações";"1";"";
"O149 - Pré-eclâmpsia não especificada";"1";"";
"O200 - Ameaça de aborto";"1";"";
"O212 - Vômitos tardios da gravidez";"1";"";
"O410 - Oligohidrâmnio";"1";"";
"O420 - Ruptura prematura de membranas, com início do trabalho de parto dentro de 24 horas";"1";"";
"P026 - Feto e recém-nascido afetados por outras afecções do cordão umbilical e as não especificadas";"1";"";
"P352 - Infecção congênita por vírus do herpes [simples]";"1";"";
"P90 - Convulsões do recém-nascido";"1";"";
"P921 - Regurgitação e ruminação no recém-nascido";"1";"";
"Q302 - Fissura, entalhe ou fenda nasal";"1";"";
"Q501 - Cisto ovariano de desenvolvimento";"1";"";
"Q660 - Pé torto eqüinovaro";"1";"";
"Q682 - Deformidade congênita do joelho";"1";"";
"R17 - Icterícia não especificada";"1";"";
"R190 - Massa, tumoração ou tumefação intra-abdominal e pélvica";"1";"";
"R224 - Tumefação, massa ou tumoração localizadas no membro inferior";"1";"";
"R229 - Tumefação, massa ou tumoração não especificadas, localizadas";"1";"";
"R232 - Rubor";"1";"";
"R234 - Alterações na textura da pele";"1";"";
"R238 - Outras alterações da pele e as não especificadas";"1";"";
"R298 - Outros sintomas e sinais relativos aos sistemas nervoso e osteomuscular e os não especificados";"1";"";
"R32 - Incontinência urinária não especificada";"1";"";
"R402 - Coma não especificado";"1";"";
"R413 - Outra amnésia";"1";"";
"R430 - Anosmia";"1";"";
"R442 - Outras alucinações";"1";"";
"R452 - Tristeza";"1";"";
"R453 - Apatia e desinteresse";"1";"";
"R457 - Estado de choque emocional e tensão, não especificado";"1";"";
"R488 - Outras disfunções simbólicas e as não especificadas";"1";"";
"R570 - Choque cardiogênico";"1";"";
"R571 - Choque hipovolêmico";"1";"";
"R58 - Hemorragia não classificada em outra parte";"1";"";
"R633 - Dificuldades de alimentação e erros na administração de alimentos";"1";"";
"R64 - Caquexia";"1";"";
"R780 - Presença de álcool no sangue";"1";"";
"R930 - Achados anormais de exames para diagnóstico por imagem do crânio e da cabeça não classificados em outra parte";"1";"";
"R960 - Morte instantânea";"1";"";
"R98 - Morte sem assistência";"1";"";
"S002 - Outros traumatismos superficiais da pálpebra e da região periocular";"1";"";
"S003 - Traumatismo superficial do nariz";"1";"";
"S004 - Traumatismo superficial do ouvido";"1";"";
"S025 - Fratura de dentes";"1";"";
"S027 - Fraturas múltiplas envolvendo os ossos do crânio e da face";"1";"";
"S029 - Fratura do crânio ou dos ossos da face, parte não especificada";"1";"";
"S053 - Laceração ocular sem prolapso ou perda de tecido intra-ocular";"1";"";
"S059 - Traumatismo do olho e da órbita de parte não especificada";"1";"";
"S063 - Traumatismo cerebral focal";"1";"";
"S070 - Lesão por esmagamento da face";"1";"";
"S081 - Amputação traumática da orelha";"1";"";
"S101 - Outros traumatismos superficiais da garganta e os não especificados";"1";"";
"S118 - Ferimentos de outras partes do pescoço";"1";"";
"S141 - Outros traumatismos e os não especificados da medula cervical";"1";"";
"S203 - Outros traumatismos superficiais da parede anterior do tórax";"1";"";
"S208 - Traumatismo superficial de outras partes especificadas do tórax e das não especificadas";"1";"";
"S211 - Ferimento da parede anterior do tórax";"1";"";
"S222 - Fratura do esterno";"1";"";
"S298 - Outros traumatismos especificados do tórax";"1";"";
"S300 - Contusão do dorso e da pelve";"1";"";
"S302 - Contusão dos órgãos genitais externos";"1";"";
"S311 - Ferimento da parede abdominal";"1";"";
"S317 - Ferimentos múltiplos do abdome, do dorso e da pelve";"1";"";
"S327 - Fraturas múltiplas de coluna lombar e da pelve";"1";"";
"S410 - Ferimento do ombro";"1";"";
"S417 - Ferimentos múltiplos do ombro e do braço";"1";"";
"S418 - Ferimento de outras partes e de partes não especificadas da cintura escapular";"1";"";
"S422 - Fratura da extremidade superior do úmero";"1";"";
"S429 - Fratura da cintura escapular, parte não especificada";"1";"";
"S431 - Luxação da articulação acromioclavicular";"1";"";
"S435 - Entorse e distensão da articulação acromioclavicular";"1";"";
"S469 - Traumatismo de músculo e tendão não especificado ao nível do ombro e do braço";"1";"";
"S497 - Traumatismos múltiplos do ombro e do braço";"1";"";
"S498 - Outros traumatismos especificados do ombro e do braço";"1";"";
"S507 - Traumatismos superficiais múltiplos do antebraço";"1";"";
"S524 - Fratura das diáfises do rádio e do cúbito [ulna]";"1";"";
"S525 - Fratura da extremidade distal do rádio";"1";"";
"S564 - Traumatismo do músculo extensor e tendão de outro(s) dedo(s) ao nível do antebraço";"1";"";
"S598 - Outros traumatismos especificados do antebraço";"1";"";
"S624 - Fraturas múltiplas de ossos metacarpianos";"1";"";
"S630 - Luxação do punho";"1";"";
"S637 - Entorse e distensão de outras partes e das não especificadas da mão";"1";"";
"S654 - Traumatismo de vaso(s) sangüíneo(s) do polegar";"1";"";
"S680 - Amputação traumática do polegar (completa) (parcial)";"1";"";
"S697 - Traumatismos múltiplos do punho e da mão";"1";"";
"S709 - Traumatismo superficial não especificado do quadril e da coxa";"1";"";
"S710 - Ferimento do quadril";"1";"";
"S711 - Ferimento da coxa";"1";"";
"S724 - Fratura da extremidade distal do fêmur";"1";"";
"S809 - Traumatismo superficial não especificado da perna";"1";"";
"S821 - Fratura da extremidade proximal da tíbia";"1";"";
"S830 - Luxação da rótula [patela]";"1";"";
"S833 - Ruptura atual da cartilagem da articulação do joelho";"1";"";
"S834 - Entorse e distensão envolvendo ligamento colateral (peronial) (tibial) do joelho";"1";"";
"S835 - Entorse e distensão envolvendo ligamento cruzado (anterior) (posterior) do joelho";"1";"";
"S899 - Traumatismo não especificado da perna";"1";"";
"S901 - Contusão de artelho sem lesão da unha";"1";"";
"S902 - Contusão de artelho(s) com lesão da unha";"1";"";
"S907 - Traumatismos superficiais múltiplos do tornozelo e do pé";"1";"";
"S920 - Fratura do calcâneo";"1";"";
"S923 - Fratura de ossos do metatarso";"1";"";
"S924 - Fratura do hálux";"1";"";
"S959 - Traumatismo de vaso sangüíneo não especificado ao nível do tornozelo e do pé";"1";"";
"S970 - Lesão por esmagamento do tornozelo";"1";"";
"S984 - Amputação traumática do pé ao nível não especificado";"1";"";
"S997 - Traumatismos múltiplos do tornozelo e do pé";"1";"";
"S999 - Traumatismos não especificados do tornozelo e do pé";"1";"";
"T000 - Traumatismos superficiais envolvendo a cabeça com o pescoço";"1";"";
"T001 - Traumatismos superficiais envolvendo o tórax com o abdome, parte inferior do dorso e da pelve";"1";"";
"T012 - Ferimentos envolvendo regiões múltiplas do(s) membro(s) superior(es)";"1";"";
"T092 - Luxação, entorse e distensão de articulações e ligamentos não especificados do tronco";"1";"";
"T110 - Traumatismo superficial do membro superior, nível não especificado";"1";"";
"T12 - Fratura do membro inferior, nível não especificado";"1";"";
"T158 - Corpo estranho em outros locais e em locais múltiplos da parte externa do olho";"1";"";
"T159 - Corpo estranho em parte não especificada da região externa do olho";"1";"";
"T175 - Corpo estranho no brônquio";"1";"";
"T179 - Corpo estranho no trato respiratório, parte não especificada";"1";"";
"T180 - Corpo estranho na boca";"1";"";
"T184 - Corpo estranho no cólon";"1";"";
"T189 - Corpo estranho em parte não especificada do aparelho digestivo";"1";"";
"T201 - Queimadura de primeiro grau da cabeça e do pescoço";"1";"";
"T220 - Queimadura do ombro e do membro superior, exceto punho e mão, grau não especificado";"1";"";
"T230 - Queimadura do punho e da mão, grau não especificado";"1";"";
"T250 - Queimadura do tornozelo e do pé, grau não especificado";"1";"";
"T251 - Queimadura de primeiro grau do tornozelo e do pé";"1";"";
"T264 - Queimadura do olho e anexos, parte não especificada";"1";"";
"T300 - Queimadura, parte do corpo não especificada, grau não especificado";"1";"";
"T301 - Queimadura de primeiro grau, parte do corpo não especificada";"1";"";
"T302 - Queimadura de segundo grau, parte do corpo não especificada";"1";"";
"T313 - Queimaduras envolvendo de 30 - 39% da superfície corporal";"1";"";
"T349 - Geladura, com necrose de tecidos, de localização não especificada";"1";"";
"T373 - Outros medicamentos antiprotozoários";"1";"";
"T387 - Andrógenos e anabolizantes congêneres";"1";"";
"T602 - Outros inseticidas";"1";"";
"T630 - Veneno de serpente";"1";"";
"T634 - Veneno de outros artrópodes";"1";"";
"T638 - Contato com outros animais venenosos";"1";"";
"T639 - Contato com animal venenoso não especificado";"1";"";
"T671 - Síncope devida ao calor";"1";"";
"T782 - Choque anafilático não especificado";"1";"";
"T783 - Edema angioneurótico";"1";"";
"T789 - Efeito adverso não especificado";"1";"";
"T812 - Perfuração e laceração acidentais durante um procedimento não classificado em outra parte";"1";"";
"T814 - Infecção subseqüente a procedimento não classificada em outra parte";"1";"";
"T900 - Seqüelas de traumatismo superficial da cabeça";"1";"";
"T931 - Seqüelas de fratura do fêmur";"1";"";
"T933 - Seqüelas de luxação, entorse e distensão do membro inferior";"1";"";
"U049 - Síndrome respiratória aguda grave [Severe acute respiratory syndrome) [SARS], não especificada";"1";"";
"V020 - Pedestre traumatizado em colisão com um veículo a motor de duas ou três rodas - acidente não-de-trânsito";"1";"";
"V029 - Pedestre traumatizado em colisão com um veículo a motor de duas ou três rodas - acidente não especificado se de trânsito ou não de trânsito";"1";"";
"V091 - Pedestre traumatizado em um acidente não-de-trânsito não especificado";"1";"";
"V093 - Pedestre traumatizado em um acidente de trânsito não especificado";"1";"";
"V100 - Ciclista traumatizado em colisão com um pedestre ou um animal - condutor traumatizado em acidente não-de-trânsito";"1";"";
"V113 - Ciclista traumatizado em colisão com outro veículo a pedal - pessoa traumatizada ao subir ou descer do veículo";"1";"";
"V115 - Ciclista traumatizado em colisão com outro veículo a pedal - passageiro traumatizado em um acidente de trânsito";"1";"";
"V120 - Ciclista traumatizado em colisão com um veículo a motor de duas ou três rodas - condutor traumatizado em acidente não-de-trânsito";"1";"";
"V170 - Ciclista traumatizado em colisão com um objeto fixo ou parado - condutor traumatizado em acidente não-de-trânsito";"1";"";
"V175 - Ciclista traumatizado em colisão com um objeto fixo ou parado - passageiro traumatizado em um acidente de trânsito";"1";"";
"V198 - Ciclista [qualquer] traumatizado em outros acidentes de transporte especificados";"1";"";
"V199 - Ciclista [qualquer] traumatizado em um acidente de trânsito não especificado";"1";"";
"V205 - Motociclista traumatizado em colisão com um pedestre ou um animal - passageiro traumatizado em um acidente de trânsito";"1";"";
"V209 - Motociclista traumatizado em colisão com um pedestre ou um animal - motociclista não especificado traumatizado em um acidente de trânsito";"1";"";
"V212 - Motociclista traumatizado em colisão com um veículo a pedal - motociclista não especificado traumatizado em acidente não-de-trânsito";"1";"";
"V215 - Motociclista traumatizado em colisão com um veículo a pedal - passageiro traumatizado em um acidente de trânsito";"1";"";
"V219 - Motociclista traumatizado em colisão com um veículo a pedal - motociclista não especificado traumatizado em um acidente de trânsito";"1";"";
"V225 - Motociclista traumatizado em colisão com um veículo a motor de duas ou três rodas - passageiro traumatizado em um acidente de trânsito";"1";"";
"V229 - Motociclista traumatizado em colisão com um veículo a motor de duas ou três rodas - motociclista não especificado traumatizado em um acidente de trânsito";"1";"";
"V230 - Motociclista traumatizado em colisão com um automóvel [carro], "pick up" ou caminhonete - condutor traumatizado em acidente não-de-trânsito";"1";"";
"V259 - Motorista traumatizado em colisão com um trem ou um veículo ferroviário - motociclista não especificado traumatizado em um acidente de trânsito";"1";"";
"V263 - Motociclista traumatizado em colisão com outro veículo não-motorizado - pessoa traumatizado ao subir ou descer do veículo";"1";"";
"V281 - Motociclista traumatizado em um acidente de transporte sem colisão - passageiro traumatizado em acidente não-de-trânsito";"1";"";
"V283 - Motociclista traumatizado em um acidente de transporte sem colisão - pessoa traumatizado ao subir ou descer do veículo";"1";"";
"V289 - Motociclista traumatizado em um acidente de transporte sem colisão - motociclista não especificado traumatizado em um acidente de trânsito";"1";"";
"V292 - Motociclista não especificado traumatizado em colisão com outros veículos e com veículos não especificados, a motor, em um acidente não-de-trânsito";"1";"";
"V363 - Ocupante de um triciclo motorizado traumatizado em colisão com outro veículo não-motorizado - ocupante não especificado de um triciclo motorizado traumatizado em acidente não-de-trânsito";"1";"";
"V391 - Passageiro traumatizado em colisão com outros veículos e com veículos não especificados, a motor, em um acidente não-de-trânsito";"1";"";
"V473 - Ocupante de um automóvel [carro] traumatizado em colisão com um objeto fixo ou parado - ocupante não especificado de um automóvel [carro] traumatizado em um acidente não-de-trânsito";"1";"";
"V561 - Ocupante de uma caminhonete traumatizado em colisão com outro veículo não-motorizado - passageiro traumatizado em um acidente não-de-trânsito";"1";"";
"V580 - Ocupante de uma caminhonete traumatizado em um acidente de transporte sem colisão - condutor [motorista] traumatizado em um acidente não-de-trânsito";"1";"";
"V878 - Pessoa traumatizada em outros acidentes de transporte especificados com veículo a motor, sem colisão (acidente de trânsito)";"1";"";
"W000 - Queda no mesmo nível envolvendo gelo e neve - residência";"1";"";
"W009 - Queda no mesmo nível envolvendo gelo e neve - local não especificado";"1";"";
"W050 - Queda envolvendo uma cadeira de rodas - residência";"1";"";
"W064 - Queda de um leito - rua e estrada";"1";"";
"W088 - Queda de outro tipo de mobília - outros locais especificados";"1";"";
"W093 - Queda envolvendo equipamento de "playground" - área para a prática de esportes e atletismo";"1";"";
"W101 - Queda em ou de escadas ou degraus - habitação coletiva";"1";"";
"W105 - Queda em ou de escadas ou degraus - áreas de comércio e de serviços";"1";"";
"W126 - Queda em ou de um andaime - áreas industriais e em construção";"1";"";
"W144 - Queda de árvore - rua e estrada";"1";"";
"W149 - Queda de árvore - local não especificado";"1";"";
"W172 - Outras quedas de um nível a outro - escolas, outras instituições e áreas de administração pública";"1";"";
"W178 - Outras quedas de um nível a outro - outros locais especificados";"1";"";
"W180 - Outras quedas no mesmo nível - residência";"1";"";
"W182 - Outras quedas no mesmo nível - escolas, outras instituições e áreas de administração pública";"1";"";
"W189 - Outras quedas no mesmo nível - local não especificado";"1";"";
"W191 - Queda sem especificação - habitação coletiva";"1";"";
"W254 - Contato com vidro cortante - rua e estrada";"1";"";
"W260 - Contato com faca, espada e punhal - residência";"1";"";
"W264 - Contato com faca, espada e punhal - rua e estrada";"1";"";
"W329 - Projétil de revólver - local não especificado";"1";"";
"W349 - Projéteis de outras armas de fogo e das não especificadas - local não especificado";"1";"";
"W445 - Penetração de corpo estranho no ou através de olho ou orifício natural - áreas de comércio e de serviços";"1";"";
"W459 - Penetração de corpo ou objeto estranho através da pele - local não especificado";"1";"";
"W504 - Golpe, pancada, pontapé, mordedura ou escoriação infligidos por outra pessoa - rua e estrada";"1";"";
"W531 - Mordedura de rato - habitação coletiva";"1";"";
"W542 - Mordedura ou golpe provocado por cão - escolas, outras instituições e áreas de administração pública";"1";"";
"W543 - Mordedura ou golpe provocado por cão - área para a prática de esportes e atletismo";"1";"";
"W555 - Mordedura ou golpe provocado por outros animais mamíferos - áreas de comércio e de serviços";"1";"";
"W557 - Mordedura ou golpe provocado por outros animais mamíferos - fazenda";"1";"";
"W559 - Mordedura ou golpe provocado por outros animais mamíferos - local não especificado";"1";"";
"W571 - Mordeduras e picadas de inseto e de outros artrópodes, não-venenosos - habitação coletiva";"1";"";
"W575 - Mordeduras e picadas de inseto e de outros artrópodes, não-venenosos - áreas de comércio e de serviços";"1";"";
"W576 - Mordeduras e picadas de inseto e de outros artrópodes, não-venenosos - áreas industriais e em construção";"1";"";
"W590 - Mordedura ou esmagamento provocado por outros répteis - residência";"1";"";
"W790 - Inalação e ingestão de alimentos causando obstrução do trato respiratório - residência";"1";"";
"X120 - Contato com outros líquidos quentes - residência";"1";"";
"X200 - Contato com serpentes e lagartos venenosos - residência";"1";"";
"X201 - Contato com serpentes e lagartos venenosos - habitação coletiva";"1";"";
"X207 - Contato com serpentes e lagartos venenosos - fazenda";"1";"";
"X217 - Contato com aranhas venenosas - fazenda";"1";"";
"X225 - Contato com escorpiões - áreas de comércio e de serviços";"1";"";
"X226 - Contato com escorpiões - áreas industriais e em construção";"1";"";
"X234 - Contato com abelhas, vespas e vespões - rua e estrada";"1";"";
"X239 - Contato com abelhas, vespas e vespões - local não especificado";"1";"";
"X411 - Envenenamento [intoxicação] acidental por e exposição a anticonvulsivantes [antiepilépticos], sedativos, hipnóticos, antiparkinsonianos e psicotrópicos não classificadas em outra parte - habitação coletiva";"1";"";
"X430 - Envenenamento [intoxicação] acidental por e exposição a outras substâncias farmacológicas de ação sobre o sistema nervoso autônomo - residência";"1";"";
"X461 - Envenenamento [intoxicação] acidental por e exposição a solventes orgânicos e hidrocarbonetos halogenados e seus vapores - habitação coletiva";"1";"";
"X480 - Envenenamento [intoxicação] acidental por e exposição a pesticidas - residência";"1";"";
"X490 - Envenenamento [intoxicação] acidental por e exposição a outras substâncias químicas nocivas e às não especificadas - residência";"1";"";
"X497 - Envenenamento [intoxicação] acidental por e exposição a outras substâncias químicas nocivas e às não especificadas - fazenda";"1";"";
"X530 - Falta de alimento - residência";"1";"";
"X607 - Auto-intoxicação por e exposição, intencional, a analgésicos, antipiréticos e anti-reumáticos, não-opiáceos - fazenda";"1";"";
"X608 - Auto-intoxicação por e exposição, intencional, a analgésicos, antipiréticos e anti-reumáticos, não-opiáceos - outros locais especificados";"1";"";
"X620 - Auto-intoxicação por e exposição, intencional, a narcóticos e psicodislépticos [alucinógenos] não classificados em outra parte - residência";"1";"";
"X631 - Auto-intoxicação por e exposição, intencional, a outras substâncias farmacológicas de ação sobre o sistema nervoso autônomo - habitação coletiva";"1";"";
"X785 - Lesão autoprovocada intencionalmente por objeto cortante ou penetrante - áreas de comércio e de serviços";"1";"";
"X789 - Lesão autoprovocada intencionalmente por objeto cortante ou penetrante - local não especificado";"1";"";
"X939 - Agressão por meio de disparo de arma de fogo de mão - local não especificado";"1";"";
"X950 - Agressão por meio de disparo de outra arma de fogo ou de arma não especificada - residência";"1";"";
"X959 - Agressão por meio de disparo de outra arma de fogo ou de arma não especificada - local não especificado";"1";"";
"X999 - Agressão por meio de objeto cortante ou penetrante - local não especificado";"1";"";
"Y041 - Agressão por meio de força corporal - habitação coletiva";"1";"";
"Y045 - Agressão por meio de força corporal - áreas de comércio e de serviços";"1";"";
"Y050 - Agressão sexual por meio de força física - residência";"1";"";
"Y054 - Agressão sexual por meio de força física - rua e estrada";"1";"";
"Y084 - Agressão por outros meios especificados - rua e estrada";"1";"";
"Y094 - Agressão por meios não especificados - rua e estrada";"1";"";
"Y198 - Envenenamento [intoxicação] por e exposição a outros produtos químicos e substâncias nocivas e aos não especificados, intenção não determinada - outros locais especificados";"1";"";
"Y282 - Contato com objeto cortante ou penetrante, intenção não determinada - escolas, outras instituições e áreas de administração pública";"1";"";
"Y286 - Contato com objeto cortante ou penetrante, intenção não determinada - áreas industriais e em construção";"1";"";
"Y288 - Contato com objeto cortante ou penetrante, intenção não determinada - outros locais especificados";"1";"";
"Y319 - Queda, permanência ou corrida diante de um objeto em movimento, intenção não determinada - local não especificado";"1";"";
"Y324 - Impacto de um veículo a motor, intenção não determinada - rua e estrada";"1";"";
"Y479 - Sedativos, hipnóticos e tranquilizantes [ansiolíticos], não especificados";"1";"";
"Y584 - Vacina antitetânica";"1";"";
"Y598 - Outras vacinas e substâncias biológicas especificadas";"1";"";
"Y640 - Transfusão ou infusão de medicamento ou substância biológica contaminados";"1";"";
"Y649 - Medicamento e substância biológica contaminados, administrada por meios não especificados";"1";"";
"Y69 - Acidente não especificado durante a prestação de cuidado médico e cirúrgico";"1";"";
"Y870 - Seqüelas de lesões autoprovocadas intencionalmente";"1";"";
"Y910 - Intoxicação alcoólica leve";"1";"";
"Z101 - Exame geral de rotina de residentes de instituições";"1";"";
"Z235 - Necessidade de imunização somente contra o tétano";"1";"";
"Z271 - Necessidade de imunização associada contra a difteria-pertussis-tétano, combinada [DPT]";"1";"";
"Z298 - Outras medidas profiláticas especificadas";"1";"";
"Z340 - Supervisão de primeira gravidez normal";"1";"";
"Z433 - Cuidados à colostomia";"1";"";
"Z468 - Colocação e ajustamento de outros aparelhos especificados";"1";"";
"Z489 - Seguimento cirúrgico não especificado";"1";"";
"Z529 - Doador de órgão ou tecido não especificado";"1";"";
"Z538 - Procedimento não realizado por outras razões";"1";"";
"Z608 - Outros problemas relacionados com o meio social";"1";"";
"Z703 - Aconselhamento relativo a preocupações associadas relacionadas com as atitudes, o comportamento e orientação em matéria de sexualidade";"1";"";
"Z733 - "Stress" não classificado em outra parte";"1";"";
"Z760 - Emissão de prescrição de repetição";"1";"";
"Z762 - Supervisão de cuidado de saúde de outras crianças ou recém-nascidos sadios";"1";"";
"Z864 - História pessoal de abuso de substâncias psicoativas";"1";"";
"Z886 - História pessoal de alergia a agente analgésico";"1";"";
"Z914 - História pessoal de trauma psicológico não classificado em outra parte";"1";"";
